index,pos,vel,duty
0,-13.0298,106.3871,-10
1,-12.8760,111.1293,-22
2,-12.7441,113.1999,-22
3,-12.7222,104.0772,-34
4,-12.6343,102.4585,-34
5,-12.4585,109.7908,-46
6,-12.2827,116.3899,-46
7,-12.3047,102.5536,-58
8,-12.3047,92.2982,-58
9,-12.1948,94.0547,-70
10,-12.1729,86.8465,-70
11,-12.0190,93.5427,-82
12,-12.0190,84.1885,-82
13,-12.0410,73.5723,-94
14,-11.9312,77.2014,-94
15,-11.9751,65.0868,-95
16,-11.9531,60.7753,-95
17,-12.0410,45.9087,-88
18,-12.0850,36.9233,-88
19,-12.1509,26.6392,-78
20,-12.1729,21.7780,-78
21,-12.3486,2.0221,-72
22,-12.3267,4.0172,-72
23,-12.4805,-11.7654,-60
24,-12.5244,-14.9834,-60
25,-12.7002,-31.0632,-48
26,-12.7661,-34.5487,-48
27,-12.8979,-44.2774,-36
28,-13.0518,-55.2305,-36
29,-13.1177,-56.2993,-24
30,-13.3154,-70.4447,-24
31,-13.3374,-65.5975,-12
32,-13.5352,-78.8131,-12
33,-13.5352,-70.9318,0
34,-13.7329,-83.6140,0
35,-13.9307,-95.0280,12
36,-14.0186,-94.3143,12
37,-14.0625,-89.2774,24
38,-14.2163,-95.7305,24
39,-14.3042,-94.9465,36
40,-14.4360,-98.6355,36
41,-14.5239,-97.5610,48
42,-14.6338,-98.7912,48
43,-14.7217,-97.7011,60
44,-14.8535,-101.1146,60
45,-14.9854,-104.1867,72
46,-15.0513,-100.3599,72
47,-15.1831,-103.5075,84
48,-15.2490,-99.7485,84
49,-15.3149,-96.3655,96
50,-15.3369,-88.9262,96
51,-15.4248,-88.8226,108
52,-15.4907,-86.5322,108
53,-15.5347,-82.2735,120
54,-15.4907,-69.6516,120
55,-15.5347,-67.0810,117
56,-15.4248,-49.3865,117
57,-15.2710,-29.0670,109
58,-15.2271,-21.7658,109
59,-14.9854,4.5807,97
60,-14.9414,8.5172,97
61,-14.7656,25.2436,85
62,-14.6118,38.1001,85
63,-14.5239,43.0791,73
64,-14.3921,51.9548,73
65,-14.1724,68.7320,61
66,-13.9966,79.4369,61
67,-13.8647,84.6768,49
68,-13.7329,89.3927,49
69,-13.6011,93.6370,37
70,-13.4692,97.4569,37
71,-13.2715,107.4866,25
72,-13.1836,105.5270,25
73,-13.0518,108.1579,13
74,-12.8320,119.3148,13
75,-12.7661,113.9751,1
76,-12.7002,109.1694,1
77,-12.3486,133.4087,-11
78,-12.4146,113.4760,-11
79,-12.1729,126.2983,-23
80,-12.1289,118.0630,-23
81,-11.9751,121.6376,-35
82,-11.9312,113.8683,-35
83,-11.9092,104.6788,-47
84,-11.6675,118.3808,-47
85,-11.5796,115.3318,-59
86,-11.4478,116.9822,-59
87,-11.2939,120.6648,-71
88,-11.2720,110.7956,-71
89,-11.2061,106.3078,-83
90,-11.2061,95.6771,-83
91,-11.0522,101.4902,-95
92,-11.1401,82.5521,-95
93,-11.0303,85.2832,-107
94,-11.0742,72.3604,-107
95,-11.2061,51.9407,-119
96,-11.2939,37.9576,-119
97,-11.2939,34.1618,-131
98,-11.3818,21.9566,-131
99,-11.5576,2.1828,-143
100,-11.9092,-33.1917,-143
101,-12.0190,-40.8589,-155
102,-12.2168,-56.5484,-155
103,-12.5464,-83.8525,-160
104,-12.7222,-93.0454,-160
105,-13.3154,-143.0670,-148
106,-13.6450,-161.7193,-148
107,-14.1284,-193.8872,-136
108,-14.6118,-222.8383,-136
109,-15.0732,-246.6971,-124
110,-15.7104,-285.7480,-124
111,-16.1719,-303.3158,-112
112,-16.7212,-327.9159,-112
113,-17.2266,-345.6614,-100
114,-17.7319,-361.6324,-100
115,-18.3032,-382.5980,-88
116,-18.8306,-397.0726,-88
117,-19.4897,-423.2833,-76
118,-19.9292,-424.9003,-76
119,-20.5884,-448.3282,-64
120,-21.1597,-460.6243,-64
121,-21.7749,-476.0853,-52
122,-22.4341,-494.3947,-52
123,-22.8516,-486.7032,-40
124,-23.3569,-488.5700,-40
125,-24.1040,-514.4200,-28
126,-24.6313,-515.7123,-28
127,-25.2466,-525.6646,-16
128,-25.8398,-532.4243,-16
129,-26.5430,-549.4943,-4
130,-27.1362,-553.8711,-4
131,-27.7515,-560.0074,8
132,-28.3667,-565.5302,8
133,-29.0259,-574.8951,20
134,-29.6191,-576.7318,20
135,-30.2344,-580.5820,32
136,-30.8716,-586.2444,32
137,-31.5527,-595.7352,44
138,-32.1680,-597.6851,44
139,-32.7832,-599.4400,56
140,-33.3545,-596.6249,56
141,-34.0796,-609.4722,68
142,-34.3652,-577.0894,68
143,-35.0244,-585.2984,80
144,-35.6396,-588.2920,80
145,-36.2109,-586.5917,92
146,-36.6064,-567.4833,92
147,-37.1997,-570.0611,104
148,-37.6392,-557.0003,104
149,-38.0786,-545.2455,116
150,-38.3423,-517.0881,116
151,-38.9795,-529.1000,128
152,-39.2212,-500.3599,128
153,-39.5508,-483.2829,140
154,-39.9023,-470.1108,140
155,-40.1880,-451.6642,152
156,-40.3857,-426.2731,152
157,-40.6055,-405.6185,164
158,-40.8032,-384.8320,164
159,-40.9351,-359.5324,176
160,-41.0669,-336.7627,176
161,-41.1987,-316.2701,188
162,-40.9790,-262.6704,188
163,-41.1548,-253.9815,176
164,-41.0889,-221.9915,176
165,-41.0229,-193.2006,164
166,-40.9131,-162.8942,164
167,-40.6714,-122.4348,152
168,-40.4956,-92.6132,152
169,-40.1880,-52.5902,140
170,-39.9463,-23.1612,140
171,-39.6167,12.1139,128
172,-39.2871,43.8615,128
173,-38.8257,85.6179,116
174,-38.4961,110.0151,116
175,-38.1226,136.3671,104
176,-37.7271,162.2811,104
177,-37.2656,192.1956,92
178,-36.8921,210.3296,92
179,-36.4307,235.4392,80
180,-36.0571,249.2488,80
181,-35.5078,279.2555,68
182,-35.2222,279.8944,68
183,-34.7388,300.2448,56
184,-34.3652,307.5739,56
185,-33.8818,325.1563,44
186,-33.5742,323.4024,44
187,-33.0688,341.5993,32
188,-32.7612,338.2010,32
189,-32.1899,361.5099,20
190,-31.9702,347.3315,20
191,-31.6187,347.7546,8
192,-31.1572,359.1217,8
193,-30.8716,351.7740,-4
194,-30.6519,338.5692,-4
195,-30.3003,339.8686,-16
196,-29.9927,336.6434,-16
197,-29.5313,349.1216,-28
198,-29.3555,331.7876,-28
199,-28.9600,338.1596,-40
200,-28.7402,326.3163,-40
201,-28.4326,324.4464,-52
202,-28.2568,309.5799,-52
203,-27.7954,324.7644,-64
204,-27.6416,307.6689,-64
205,-27.3340,307.6637,-76
206,-27.0483,305.4617,-76
207,-26.7627,303.4800,-88
208,-26.5869,290.7101,-88
209,-26.4331,277.0200,-100
210,-26.2793,264.6988,-100
211,-26.1035,255.8071,-112
212,-25.9497,245.6072,-112
213,-25.8179,234.2301,-124
214,-25.7959,213.0043,-124
215,-25.5762,213.6765,-136
216,-25.7080,179.1253,-136
217,-25.8618,145.8319,-148
218,-25.8179,135.6432,-148
219,-25.9277,111.0926,-160
220,-26.1255,80.2079,-160
221,-26.4990,34.8336,-165
222,-26.7188,9.3776,-165
223,-27.0923,-28.9137,-153
224,-27.2681,-43.6004,-153
225,-27.6416,-76.5939,-141
226,-28.1470,-119.4716,-141
227,-28.7622,-169.0479,-129
228,-29.0039,-176.3130,-129
229,-29.7070,-228.9942,-117
230,-29.8828,-223.6729,-117
231,-30.4541,-258.4345,-105
232,-30.9814,-285.3254,-105
233,-31.5967,-318.3163,-93
234,-32.0142,-328.2327,-93
235,-32.4536,-339.3548,-81
236,-33.1348,-373.5345,-81
237,-33.7280,-395.5072,-69
238,-34.2554,-408.6909,-69
239,-35.0464,-446.9233,-57
240,-35.3540,-432.9927,-57
241,-36.0132,-455.6114,-45
242,-36.3647,-445.2065,-45
243,-37.0898,-473.1956,-33
244,-37.7710,-493.9912,-33
245,-38.2983,-497.3265,-21
246,-38.8257,-500.3282,-21
247,-39.5288,-520.6078,-9
248,-40.0342,-519.0842,-9
249,-40.9570,-559.4609,3
250,-41.2427,-532.0792,3
251,-41.9897,-553.5783,15
252,-42.5830,-557.5466,15
253,-43.2422,-567.7099,27
254,-43.8135,-568.0678,27
255,-44.4946,-579.3762,39
256,-45.0659,-578.5675,39
257,-45.7690,-591.0233,51
258,-46.3403,-589.0498,51
259,-47.0435,-600.4573,63
260,-47.5708,-593.1459,63
261,-48.2080,-597.5520,75
262,-48.7354,-590.5312,75
263,-49.4165,-599.5933,87
264,-49.8560,-583.5792,87
265,-50.2734,-566.9694,99
266,-50.9546,-578.3876,99
267,-51.5039,-575.4805,111
268,-51.9214,-559.6805,111
269,-52.3389,-545.4604,123
270,-52.7124,-528.2679,123
271,-53.1299,-517.1891,135
272,-53.4814,-500.6264,135
273,-53.8550,-487.9173,147
274,-54.3164,-485.2681,147
275,-54.4482,-449.9249,159
276,-54.6460,-424.7078,159
277,-55.0415,-421.7878,171
278,-55.1733,-392.7926,171
279,-55.3052,-366.6969,183
280,-55.5249,-351.9998,183
281,-55.4810,-312.4053,195
282,-55.5469,-287.7566,195
283,-55.3931,-243.6001,207
284,-55.4590,-225.8318,207
285,-55.2173,-179.0787,215
286,-55.0635,-145.7900,215
287,-54.8438,-109.2383,203
288,-54.6460,-78.5391,203
289,-54.2065,-26.7399,191
290,-53.8330,13.2876,191
291,-53.3936,55.9042,179
292,-53.0200,87.6673,179
293,-52.4707,133.8322,167
294,-52.0313,164.3943,167
295,-51.3501,216.0701,155
296,-50.8008,249.3947,155
297,-50.2075,283.7814,143
298,-49.5044,325.7158,143
299,-48.9331,350.2731,131
300,-48.2300,385.5583,131
301,-47.4609,423.9067,119
302,-46.8677,440.8422,119
303,-46.0547,478.0568,107
304,-45.4834,487.3800,107
305,-44.5825,528.7299,95
306,-44.2090,513.2104,95
307,-43.3081,551.9772,83
308,-42.7808,549.5139,83
309,-41.9458,578.0586,71
310,-41.3525,579.5789,71
311,-40.5396,602.9199,59
312,-39.9683,599.7568,59
313,-39.3530,601.3045,47
314,-38.8916,587.3166,47
315,-38.1006,607.6865,35
316,-37.5073,606.2440,35
317,-36.9800,598.3539,23
318,-36.4526,591.2529,23
319,-35.6177,615.6237,11
320,-35.2441,591.4149,11
321,-34.3872,617.9667,-1
322,-33.8159,613.2990,-1
323,-33.2227,611.2952,-13
324,-32.7612,596.3083,-13
325,-31.9263,620.1735,-25
326,-31.5527,595.5096,-25
327,-30.9375,597.4821,-37
328,-30.3662,594.8628,-37
329,-29.7290,599.0972,-49
330,-29.3115,580.9355,-49
331,-28.7402,579.9709,-61
332,-28.2568,570.3136,-61
333,-27.6416,574.8057,-73
334,-27.2241,559.0731,-73
335,-26.6309,562.4919,-85
336,-26.3452,534.8072,-85
337,-25.8179,534.0608,-97
338,-25.5762,504.8246,-97
339,-25.1587,496.0902,-109
340,-24.7852,483.8347,-109
341,-24.4775,466.2129,-121
342,-24.2578,441.5642,-121
343,-24.1699,406.1969,-133
344,-23.6865,413.9170,-133
345,-23.9722,343.9608,-145
346,-23.5547,351.3128,-145
347,-23.5327,318.3788,-157
348,-23.5986,279.9491,-157
349,-23.6206,249.7569,-169
350,-23.7305,213.7949,-169
351,-23.8623,179.2318,-181
352,-24.1040,137.1387,-181
353,-24.3896,94.8604,-193
354,-24.7192,52.4153,-193
355,-25.0269,16.4121,-181
356,-25.2905,-11.5963,-181
357,-25.8838,-69.7628,-169
358,-26.3232,-106.7319,-169
359,-26.8945,-153.1876,-157
360,-27.3779,-186.2087,-157
361,-28.0811,-237.9003,-145
362,-28.6084,-266.8446,-145
363,-29.2896,-308.2754,-133
364,-29.9487,-343.3658,-133
365,-30.7837,-392.5253,-121
366,-31.4429,-419.1908,-121
367,-32.1899,-451.9787,-109
368,-32.9370,-481.4879,-109
369,-33.7280,-512.4406,-97
370,-34.4751,-535.9036,-97
371,-35.3540,-570.2038,-85
372,-36.0352,-581.2986,-85
373,-36.9800,-617.6512,-73
374,-37.7271,-630.5931,-73
375,-38.6279,-657.6216,-61
376,-39.4849,-677.5528,-61
377,-40.3418,-695.4908,-49
378,-40.9351,-685.2679,-49
379,-42.0557,-728.8017,-37
380,-42.8027,-730.6285,-37
381,-43.7476,-752.0481,-25
382,-44.5386,-755.9448,-25
383,-45.4614,-772.6355,-13
384,-46.1646,-765.6844,-13
385,-47.1973,-792.3875,-1
386,-47.9004,-783.4612,-1
387,-48.8013,-795.2029,11
388,-49.5923,-794.7842,11
389,-50.4053,-796.6046,23
390,-51.3721,-813.6238,23
391,-52.2510,-820.1520,35
392,-53.0200,-815.0411,35
393,-53.9868,-830.2166,47
394,-54.7339,-821.9020,47
395,-55.6348,-829.7996,59
396,-56.5796,-841.3021,59
397,-57.2827,-827.4843,71
398,-58.0957,-826.0347,71
399,-58.9966,-833.5190,83
400,-59.6118,-811.6906,83
401,-60.4907,-818.4121,95
402,-61.1499,-802.4888,95
403,-62.0068,-807.9333,107
404,-62.7539,-801.8470,107
405,-63.3911,-785.3830,119
406,-63.9624,-763.9736,119
407,-64.6216,-753.4941,131
408,-65.2808,-744.0627,131
409,-65.7642,-717.9962,143
410,-66.4233,-712.1146,143
411,-67.0166,-700.2292,155
412,-67.4561,-674.1516,155
413,-68.0054,-661.6681,167
414,-68.2690,-621.8685,167
415,-68.6426,-597.0351,179
416,-68.9941,-572.4878,179
417,-69.3018,-546.0007,191
418,-69.3896,-500.1897,191
419,-69.5215,-463.3543,203
420,-69.6094,-425.8079,203
421,-69.4995,-372.2408,215
422,-69.5874,-343.8058,215
423,-69.4336,-294.0443,227
424,-69.1699,-238.2727,227
425,-69.0381,-201.2618,239
426,-68.7744,-154.7684,239
427,-68.3789,-99.7408,243
428,-68.0273,-54.6105,243
429,-67.4341,10.1768,231
430,-66.7310,79.4716,231
431,-66.3135,113.2724,219
432,-65.8960,143.6932,219
433,-64.9951,219.4118,207
434,-64.2920,267.7831,207
435,-63.4570,324.5009,195
436,-62.7539,362.3633,195
437,-61.8750,414.0176,183
438,-61.1279,447.3228,183
439,-60.1172,503.6648,171
440,-59.2822,536.7944,171
441,-58.2715,584.1891,159
442,-57.3267,620.2526,159
443,-56.2939,661.4988,147
444,-55.3931,685.4368,147
445,-54.3164,724.5591,135
446,-53.4155,742.1911,135
447,-52.2510,784.4271,123
448,-51.3281,798.2695,123
449,-50.0537,845.8839,111
450,-49.2407,842.5943,111
451,-48.0542,876.9872,99
452,-47.0215,892.5599,99
453,-45.9229,913.1672,87
454,-44.7363,940.5028,87
455,-43.7036,949.7240,75
456,-42.8687,938.2477,75
457,-41.6821,963.0753,63
458,-40.8252,952.4611,63
459,-39.8804,951.6973,51
460,-38.7158,972.9827,51
461,-37.6172,985.5477,39
462,-36.4966,999.0534,39
463,-35.6177,987.0387,27
464,-34.7607,974.0281,27
465,-33.6182,990.8831,15
466,-32.7612,977.4882,15
467,-31.7505,980.8135,3
468,-30.8496,972.8201,3
469,-29.9487,965.6259,-9
470,-29.0698,956.9539,-9
471,-27.9712,971.1218,-21
472,-27.2461,946.5193,-21
473,-26.1694,959.5334,-33
474,-25.4443,936.0898,-33
475,-24.4775,939.1605,-45
476,-23.6865,924.3459,-45
477,-22.7197,928.5910,-57
478,-22.1045,897.2553,-57
479,-21.0938,908.6040,-69
480,-20.3467,892.4506,-69
481,-19.4458,893.2935,-81
482,-18.8306,865.4875,-81
483,-17.7979,882.2103,-93
484,-17.2925,844.5263,-93
485,-16.4355,845.7670,-105
486,-15.8862,816.1219,-105
487,-15.0952,813.6113,-117
488,-14.5898,782.7872,-117
489,-13.9526,768.2292,-129
490,-13.4033,746.3379,-129
491,-12.9639,715.6494,-141
492,-12.3486,705.6079,-141
493,-12.0190,668.0061,-153
494,-11.6895,634.1645,-153
495,-11.3599,603.7070,-165
496,-11.1182,567.5062,-165
497,-10.9644,526.1365,-177
498,-10.8325,486.7064,-177
499,-10.6787,453.4166,-189
500,-10.7227,403.6804,-189
501,-10.7446,361.1151,-201
502,-10.9863,300.8337,-201
503,-11.0522,264.1585,-213
504,-11.3159,211.3755,-213
505,-11.7334,148.4899,-225
506,-11.9531,111.6682,-225
507,-12.5244,43.3725,-233
508,-13.0298,-11.5019,-233
509,-13.7549,-82.8614,-221
510,-14.3262,-131.7042,-221
511,-15.1392,-199.8326,-209
512,-15.8423,-250.1618,-209
513,-16.7212,-313.0362,-197
514,-17.4463,-354.2424,-197
515,-18.4570,-419.8923,-185
516,-19.3359,-465.7937,-185
517,-20.4126,-526.8804,-173
518,-21.3794,-570.8720,-173
519,-22.4561,-621.4508,-161
520,-23.3130,-644.9991,-161
521,-24.6094,-710.1378,-149
522,-25.5762,-735.8037,-149
523,-26.8945,-794.0593,-137
524,-27.9272,-817.9248,-137
525,-29.2456,-867.9683,-125
526,-30.2783,-884.4429,-125
527,-31.6626,-934.4263,-113
528,-32.7393,-948.6497,-113
529,-34.1235,-992.2124,-101
530,-35.2661,-1007.2490,-101
531,-36.6504,-1044.9518,-89
532,-37.7051,-1045.9253,-89
533,-39.0015,-1070.9714,-77
534,-40.2759,-1091.3157,-77
535,-41.6602,-1120.6118,-65
536,-42.7368,-1116.2166,-65
537,-44.1211,-1143.0226,-53
538,-45.2856,-1145.1754,-53
539,-46.7798,-1180.0719,-41
540,-47.8784,-1171.9280,-41
541,-49.3286,-1199.7546,-29
542,-50.5811,-1205.0233,-29
543,-51.8555,-1211.9624,-17
544,-52.8003,-1185.2485,-17
545,-54.4702,-1233.7158,-5
546,-55.6787,-1231.1938,-5
547,-57.1729,-1257.4885,7
548,-58.2715,-1241.6029,7
549,-59.5459,-1244.8840,19
550,-60.6885,-1234.6534,19
551,-62.1387,-1256.2076,31
552,-63.2373,-1240.4501,31
553,-64.6655,-1259.2273,43
554,-65.8081,-1247.5624,43
555,-67.1704,-1259.0366,55
556,-68.3130,-1247.3907,55
557,-69.6753,-1258.8821,67
558,-70.8838,-1253.8435,67
559,-72.1362,-1253.7032,79
560,-73.2788,-1242.5907,79
561,-74.5313,-1243.5757,91
562,-75.5859,-1224.6869,91
563,-76.7944,-1223.0677,103
564,-77.8711,-1208.4270,103
565,-79.0796,-1208.4338,115
566,-80.0244,-1182.0729,115
567,-81.1890,-1180.3207,127
568,-82.0898,-1152.3765,127
569,-83.2544,-1153.5939,139
570,-84.1113,-1123.9279,139
571,-84.9902,-1099.4257,151
572,-85.8472,-1075.1764,151
573,-86.7261,-1055.5493,163
574,-87.3413,-1011.5178,163
575,-88.1543,-991.6649,175
576,-88.7036,-947.4300,175
577,-89.3628,-918.6049,187
578,-89.9561,-886.0706,187
579,-90.3735,-839.2115,199
580,-90.7690,-794.8411,199
581,-91.3184,-770.2886,211
582,-91.4941,-710.8379,211
583,-91.8237,-672.7131,223
584,-91.9116,-614.2308,223
585,-92.0654,-568.1886,235
586,-92.1533,-520.1588,235
587,-92.1313,-465.9456,247
588,-92.1094,-417.1537,247
589,-91.9116,-355.6630,259
590,-91.7798,-306.9131,259
591,-91.3623,-234.4737,271
592,-91.0767,-182.4619,271
593,-90.5933,-115.8758,283
594,-90.1978,-64.7375,283
595,-89.5825,3.2597,292
596,-89.1211,49.0763,292
597,-88.3960,116.6784,280
598,-87.7148,173.1258,280
599,-86.9019,237.1121,268
600,-86.1108,292.5024,268
601,-85.2319,351.1428,256
602,-84.4409,395.1301,256
603,-83.2544,474.2694,244
604,-82.3535,516.9303,244
605,-81.1890,581.6923,232
606,-80.4199,600.4274,232
607,-79.0356,678.8124,220
608,-77.9150,722.9917,220
609,-76.6187,780.3312,208
610,-75.5859,805.5695,208
611,-74.0918,874.4266,196
612,-72.9492,901.2418,196
613,-71.3672,969.3207,184
614,-70.0928,999.8300,184
615,-68.6426,1044.8665,172
616,-67.3462,1070.0184,172
617,-65.8301,1114.6278,160
618,-64.7095,1115.2256,160
619,-62.9077,1183.8788,148
620,-61.5454,1201.7213,148
621,-60.0513,1230.9633,136
622,-58.6670,1246.2947,136
623,-57.0190,1286.4601,124
624,-55.7446,1285.2555,124
625,-54.0747,1323.7220,112
626,-52.8662,1312.1995,112
627,-51.2402,1343.5771,100
628,-49.9878,1334.4635,100
629,-48.3398,1365.8120,88
630,-47.1094,1352.2777,88
631,-45.6152,1366.4640,76
632,-44.3848,1352.8644,76
633,-42.8247,1373.5837,64
634,-41.5942,1359.2722,64
635,-40.0122,1381.5481,52
636,-38.8477,1359.8484,52
637,-37.3535,1373.2776,40
638,-36.0132,1369.9830,40
639,-34.4751,1386.7933,28
640,-33.3545,1360.1746,28
641,-31.7944,1380.1630,16
642,-30.5859,1362.9962,16
643,-29.1138,1373.9133,4
644,-27.9712,1350.7798,4
645,-26.4111,1371.7076,-8
646,-25.2905,1346.5974,-8
647,-23.7744,1363.5490,-20
648,-22.6099,1343.6490,-20
649,-21.2256,1347.7118,-32
650,-20.1489,1320.6066,-32
651,-18.6108,1342.3545,-44
652,-17.3804,1331.1659,-44
653,-16.0840,1327.6880,-56
654,-14.9634,1306.9797,-56
655,-13.5571,1316.9067,-68
656,-12.5244,1288.4875,-68
657,-11.2061,1291.4747,-80
658,-10.2173,1261.2042,-80
659,-9.0527,1251.5388,-92
660,-8.0420,1227.4591,-92
661,-6.9653,1212.3792,-104
662,-6.0425,1183.4264,-104
663,-5.0098,1168.3552,-116
664,-4.1309,1139.4103,-116
665,-3.1421,1124.3462,-128
666,-2.3291,1093.2103,-128
667,-1.4722,1069.5826,-140
668,-0.8130,1028.5422,-140
669,0.0439,1011.3813,-152
670,0.6592,971.7666,-152
671,1.3403,942.7051,-164
672,1.8896,903.3663,-164
673,2.3291,856.9749,-176
674,2.7905,817.4200,-176
675,3.2080,777.4260,-188
676,3.4937,728.2479,-188
677,3.7793,683.9875,-200
678,3.9771,635.3641,-200
679,4.2627,600.3922,-212
680,4.2407,538.1556,-212
681,4.2187,482.1428,-224
682,4.1309,425.1394,-224
683,4.0869,378.2310,-236
684,3.8892,320.6325,-236
685,3.5596,255.6102,-248
686,3.2300,197.0902,-248
687,2.7246,126.8441,-260
688,2.2192,63.6226,-260
689,1.5820,-6.4604,-267
690,1.0327,-60.7460,-267
691,0.1758,-140.3647,-255
692,-0.6372,-207.6271,-255
693,-1.6699,-290.1359,-243
694,-2.4609,-340.2238,-243
695,-3.6694,-427.0511,-231
696,-4.5264,-470.0393,-231
697,-5.8228,-552.6740,-219
698,-6.9214,-607.2699,-219
699,-8.1958,-673.9843,-207
700,-9.3384,-720.8437,-207
701,-10.7446,-789.3843,-195
702,-11.7554,-811.5200,-195
703,-13.4473,-899.5574,-183
704,-14.6777,-932.6486,-183
705,-16.3916,-1010.7704,-171
706,-17.6880,-1039.3319,-171
707,-19.2480,-1091.4045,-159
708,-20.5884,-1116.2972,-159
709,-22.3022,-1176.0542,-147
710,-23.9063,-1218.8491,-147
711,-25.3784,-1244.1810,-135
712,-26.6968,-1251.5989,-135
713,-28.4985,-1306.6147,-123
714,-29.9048,-1316.5782,-123
715,-31.6406,-1358.5044,-111
716,-33.1128,-1369.8707,-111
717,-34.9585,-1417.4540,-99
718,-36.3428,-1414.1362,-99
719,-38.0786,-1446.3065,-87
720,-39.5068,-1444.4980,-87
721,-41.3525,-1484.6185,-75
722,-42.7808,-1478.9789,-75
723,-44.5605,-1509.0594,-63
724,-46.0986,-1511.9620,-63
725,-47.9004,-1540.9415,-51
726,-49.3286,-1529.6696,-51
727,-51.1304,-1556.8783,-39
728,-52.6245,-1550.6045,-39
729,-54.4922,-1582.3115,-27
730,-56.0303,-1577.8889,-27
731,-57.8101,-1598.0785,-15
732,-59.2603,-1583.2902,-15
733,-61.0620,-1605.1368,-3
734,-62.5342,-1591.8400,-3
735,-64.3359,-1612.8317,9
736,-65.9619,-1614.1461,9
737,-67.6318,-1619.7236,21
738,-69.0601,-1600.5735,21
739,-70.7959,-1614.1001,33
740,-72.3340,-1606.4987,33
741,-74.1357,-1626.0245,45
742,-75.4761,-1597.4552,45
743,-77.3657,-1626.6744,57
744,-78.7500,-1602.4347,57
745,-80.5518,-1622.3669,69
746,-82.0239,-1607.3470,69
747,-83.6060,-1604.8154,81
748,-85.1221,-1595.9452,81
749,-86.6602,-1590.1592,93
750,-87.9565,-1560.7819,93
751,-89.6265,-1571.6958,105
752,-90.8789,-1539.7703,105
753,-92.5049,-1548.3909,117
754,-93.6255,-1505.6123,117
755,-95.1416,-1506.6624,129
756,-96.3281,-1474.6484,129
757,-97.6904,-1463.4141,141
758,-98.5913,-1407.1605,141
759,-99.9756,-1404.8722,153
760,-101.0083,-1367.6564,153
761,-102.0850,-1338.5568,165
762,-103.0298,-1299.1835,165
763,-104.0845,-1274.7339,177
764,-104.9414,-1232.9539,177
765,-105.8862,-1204.1409,189
766,-106.5015,-1145.2502,189
767,-107.2485,-1105.4323,201
768,-107.8857,-1058.6096,201
769,-108.3911,-1003.2858,213
770,-108.8525,-949.0997,213
771,-109.3359,-902.5296,225
772,-109.6216,-840.8411,225
773,-109.9292,-787.5187,237
774,-110.1270,-728.5422,237
775,-110.2808,-671.0688,249
776,-110.1929,-595.1729,249
777,-110.2148,-537.8528,261
778,-110.0830,-470.8839,261
779,-109.7974,-395.2311,273
780,-109.5117,-327.1435,273
781,-109.0942,-252.6811,285
782,-108.6768,-185.6649,285
783,-108.1055,-109.9695,297
784,-107.6660,-55.0273,297
785,-106.9189,25.1825,309
786,-106.2817,86.3849,309
787,-105.3809,167.8343,298
788,-104.5459,234.5470,298
789,-103.6670,298.9829,286
790,-102.7222,363.5670,286
791,-101.7114,428.2845,274
792,-100.7227,484.3330,274
793,-99.5361,554.5520,262
794,-98.6353,589.1847,262
795,-97.2949,664.2994,250
796,-96.2183,705.5355,250
797,-94.8120,775.6069,238
798,-93.5815,821.0931,238
799,-92.1533,881.8060,226
800,-90.8569,923.2641,226
801,-89.4507,971.5627,214
802,-88.2422,995.2560,214
803,-86.5283,1067.1171,202
804,-85.1880,1094.4385,202
805,-83.5400,1149.7896,190
806,-82.0898,1179.8301,190
807,-80.3760,1233.2338,178
808,-78.9478,1252.7327,178
809,-77.1899,1303.2406,166
810,-75.8057,1311.3442,166
811,-73.9600,1364.7802,154
812,-72.6636,1357.9408,154
813,-70.7959,1408.9143,142
814,-69.3457,1413.0424,142
815,-67.5220,1454.1111,130
816,-66.3135,1429.5496,130
817,-64.2700,1490.9403,118
818,-62.8857,1480.2739,118
819,-61.0840,1512.4222,106
820,-59.7437,1495.2131,106
821,-58.0518,1514.8812,94
822,-56.6895,1499.6235,94
823,-54.9097,1527.6396,82
824,-53.5254,1513.3033,82
825,-51.9434,1520.1761,70
826,-50.5811,1504.3889,70
827,-48.9331,1518.7449,58
828,-47.3950,1520.6790,58
829,-45.7690,1531.2087,46
830,-44.4946,1505.5293,46
831,-42.8027,1524.1658,34
832,-41.4185,1510.1769,34
833,-39.7485,1526.1514,22
834,-38.3203,1516.3585,22
835,-36.8042,1516.3340,10
836,-35.3979,1505.3256,10
837,-33.9038,1504.2070,-2
838,-32.4536,1498.8058,-2
839,-30.8496,1509.3256,-14
840,-29.4214,1501.2152,-14
841,-27.9492,1498.3104,-26
842,-26.6748,1475.9208,-26
843,-25.1807,1477.7427,-38
844,-23.8843,1459.6071,-38
845,-22.3242,1469.6522,-50
846,-21.1157,1443.5366,-50
847,-19.6875,1442.0052,-62
848,-18.5449,1412.0625,-62
849,-17.1387,1411.4812,-74
850,-16.1279,1371.4072,-74
851,-14.5679,1390.2723,-86
852,-13.4473,1363.3057,-86
853,-12.1509,1356.6138,-98
854,-11.2500,1311.0403,-98
855,-9.9756,1307.3777,-110
856,-9.0527,1268.9250,-110
857,-7.9321,1254.0930,-122
858,-7.0312,1218.7716,-122
859,-6.0425,1195.7714,-134
860,-5.0317,1177.2684,-134
861,-4.3506,1127.6567,-146
862,-3.5156,1098.3871,-146
863,-2.5708,1083.0308,-158
864,-1.9336,1038.4484,-158
865,-0.9888,1029.0859,-170
866,-0.6372,961.3336,-170
867,0.0000,928.9209,-182
868,0.3735,873.3823,-182
869,0.9668,845.3702,-194
870,1.2744,791.5949,-194
871,1.6040,745.3944,-206
872,1.8018,690.6304,-206
873,1.8457,625.9619,-218
874,1.9775,576.5493,-218
875,1.9116,512.3025,-230
876,1.9336,463.2695,-230
877,1.7139,394.9699,-242
878,1.5161,335.6975,-242
879,1.1646,266.9715,-254
880,0.7471,198.5263,-254
881,0.2197,125.9393,-266
882,-0.2637,65.0055,-266
883,-1.0107,-16.2021,-254
884,-1.8018,-93.6834,-254
885,-2.6147,-165.6139,-242
886,-3.3398,-221.5623,-242
887,-4.3286,-298.2830,-230
888,-5.2515,-360.7398,-230
889,-6.3501,-434.5291,-218
890,-7.3608,-492.1504,-218
891,-8.4595,-552.7986,-206
892,-9.4702,-598.5930,-206
893,-10.7886,-670.5696,-194
894,-11.9092,-715.5732,-194
895,-13.3594,-789.0354,-182
896,-14.4580,-819.9951,-182
897,-15.8643,-878.6206,-170
898,-17.1826,-922.5945,-170
899,-18.8525,-997.3272,-158
900,-19.9072,-1003.0632,-158
901,-21.4673,-1058.7627,-146
902,-22.7197,-1078.1306,-146
903,-24.3237,-1130.7179,-134
904,-25.6860,-1153.8765,-134
905,-27.3560,-1205.4810,-122
906,-28.7183,-1221.1633,-122
907,-30.4541,-1272.6310,-110
908,-31.8604,-1285.9928,-110
909,-33.4644,-1317.7938,-98
910,-34.7827,-1317.8503,-98
911,-36.5186,-1359.6493,-86
912,-37.8149,-1353.3230,-86
913,-39.5947,-1395.9692,-74
914,-41.0669,-1403.5891,-74
915,-42.8027,-1436.8142,-62
916,-44.0771,-1420.5742,-62
917,-45.7690,-1447.7062,-50
918,-47.2412,-1450.1523,-50
919,-48.8452,-1465.5375,-38
920,-50.2954,-1464.0032,-38
921,-51.9214,-1480.2004,-26
922,-53.3057,-1470.6082,-26
923,-55.1074,-1503.7231,-14
924,-56.4258,-1485.1868,-14
925,-58.0957,-1503.6603,-2
926,-59.5239,-1496.1165,-2
927,-61.2158,-1515.6942,10
928,-62.5562,-1498.1580,10
929,-64.2480,-1517.5316,22
930,-65.6323,-1504.2062,22
931,-67.3242,-1522.9750,34
932,-68.6646,-1504.7107,34
933,-70.4443,-1532.2181,46
934,-71.7407,-1508.6350,46
935,-73.4546,-1529.1582,58
936,-74.7729,-1508.0782,58
937,-76.5308,-1533.0516,70
938,-77.8491,-1511.5824,70
939,-79.5190,-1527.4163,82
940,-80.7935,-1502.1160,82
941,-82.3096,-1503.5156,94
942,-83.4961,-1471.8164,94
943,-85.1221,-1487.2324,106
944,-86.3525,-1461.5560,106
945,-87.6709,-1447.2363,118
946,-88.9014,-1425.5596,118
947,-90.3296,-1425.8258,130
948,-91.4063,-1390.9092,130
949,-92.5928,-1370.4706,142
950,-93.7134,-1345.4840,142
951,-94.9658,-1336.1797,154
952,-95.8887,-1294.8468,154
953,-96.8115,-1257.6472,166
954,-97.7124,-1221.9703,166
955,-98.6572,-1194.2557,178
956,-99.3384,-1142.9453,178
957,-100.1953,-1114.3441,190
958,-100.7446,-1057.8413,190
959,-101.5576,-1033.3560,202
960,-101.9971,-973.9656,202
961,-102.6123,-938.0925,214
962,-102.9858,-881.6367,214
963,-103.3813,-833.0238,226
964,-103.6670,-778.2858,226
965,-103.9307,-726.8244,238
966,-104.1284,-673.9174,238
967,-104.1724,-610.9202,250
968,-104.1943,-552.0254,250
969,-104.2383,-501.2174,262
970,-104.1064,-437.9120,262
971,-103.9087,-374.3454,274
972,-103.6670,-312.7410,274
973,-103.3374,-248.5079,286
974,-102.9639,-186.3036,286
975,-102.4585,-117.1361,298
976,-101.9971,-59.2799,298
977,-101.2939,16.9606,310
978,-100.7886,65.8016,310
979,-99.9756,140.5203,298
980,-99.3164,192.3862,298
981,-98.4595,258.8409,286
982,-97.6245,316.4529,286
983,-96.6577,381.4873,274
984,-95.7568,433.4265,274
985,-94.6362,502.1443,262
986,-93.6035,555.2014,262
987,-92.4829,611.7418,250
988,-91.4941,649.4446,250
989,-90.1099,722.9279,238
990,-89.0552,756.1038,238
991,-87.6709,818.9211,226
992,-86.4624,857.8786,226
993,-84.9463,923.7020,214
994,-83.7598,949.9841,214
995,-82.1997,1010.9916,202
996,-80.9473,1035.1365,202
997,-79.3213,1094.2205,190
998,-77.9810,1118.8315,190
999,-76.3770,1167.3488,178
1000,-74.9487,1193.4362,178
1001,-73.3667,1232.2957,166
1002,-72.0264,1243.0992,166
1003,-70.2246,1298.9651,154
1004,-68.8843,1303.1018,154
1005,-67.0825,1352.9674,142
1006,-65.6104,1364.8875,142
1007,-63.8965,1399.7854,130
1008,-62.5562,1393.8401,130
1009,-60.9302,1417.0537,118
1010,-59.4360,1424.7623,118
1011,-57.7002,1455.8700,106
1012,-56.5356,1426.7380,106
1013,-54.6899,1468.6345,94
1014,-53.3716,1453.6069,94
1015,-51.5918,1486.2247,82
1016,-50.2954,1467.2408,82
1017,-48.4937,1500.6925,70
1018,-47.2412,1475.8673,70
1019,-45.6152,1490.8782,58
1020,-44.0552,1497.7961,58
1021,-42.5830,1495.2333,46
1022,-41.2866,1475.3486,46
1023,-39.6167,1494.8059,34
1024,-38.2983,1477.1613,34
1025,-36.6943,1489.8455,22
1026,-35.3320,1477.0913,22
1027,-33.6621,1496.3744,10
1028,-32.5635,1456.6002,10
1029,-30.9814,1469.1433,-2
1030,-29.5752,1462.8540,-2
1031,-28.0371,1470.3772,-14
1032,-26.7847,1448.5836,-14
1033,-25.2026,1461.9283,-26
1034,-23.9722,1438.7823,-26
1035,-22.4780,1444.3181,-38
1036,-21.1597,1431.7222,-38
1037,-19.7974,1424.7804,-50
1038,-18.6548,1396.5602,-50
1039,-17.1826,1404.1210,-62
1040,-16.0181,1380.1639,-62
1041,-14.4141,1402.5479,-74
1042,-13.4692,1356.7755,-74
1043,-12.1509,1352.9338,-86
1044,-11.0303,1329.7009,-86
1045,-9.7778,1321.9750,-98
1046,-8.8550,1282.0626,-98
1047,-7.6465,1274.7059,-110
1048,-6.6357,1248.3096,-110
1049,-5.6030,1226.7501,-122
1050,-4.6582,1198.5575,-122
1051,-3.6035,1184.1704,-134
1052,-2.8784,1138.2631,-134
1053,-1.8677,1125.5110,-146
1054,-1.1206,1087.6669,-146
1055,-0.2197,1068.9880,-158
1056,0.3076,1014.8236,-158
1057,1.0327,985.8510,-170
1058,1.4722,931.2112,-170
1059,2.1973,910.5998,-182
1060,2.5269,852.4988,-182
1061,2.9663,811.1942,-194
1062,3.2739,760.8365,-194
1063,3.5596,713.3173,-206
1064,3.8452,670.5500,-206
1065,3.9551,614.4813,-218
1066,3.8452,542.0469,-218
1067,3.9111,494.4340,-230
1068,3.8013,434.0042,-230
1069,3.5815,368.6311,-242
1070,3.5156,325.1762,-242
1071,2.9224,233.3324,-254
1072,2.5708,174.8429,-254
1073,2.0874,109.0188,-266
1074,1.5381,43.1852,-266
1075,0.8350,-31.4458,-254
1076,0.2417,-87.6274,-254
1077,-0.6152,-164.5580,-242
1078,-1.2744,-214.0201,-242
1079,-2.3291,-298.0869,-230
1080,-3.2520,-360.5633,-230
1081,-4.3286,-432.1730,-218
1082,-5.2734,-483.4381,-218
1083,-6.7236,-580.1138,-206
1084,-7.5366,-603.4012,-206
1085,-8.9429,-683.6861,-194
1086,-10.0415,-725.1807,-194
1087,-11.4258,-791.0904,-182
1088,-12.4805,-817.4501,-182
1089,-14.1284,-900.4999,-170
1090,-15.2271,-920.3132,-170
1091,-16.8311,-988.6823,-158
1092,-18.0176,-1008.4664,-158
1093,-19.4019,-1046.0474,-146
1094,-20.9399,-1095.2512,-146
1095,-22.4561,-1137.3374,-134
1096,-23.9941,-1177.4122,-134
1097,-25.5322,-1213.4796,-122
1098,-26.8286,-1221.7703,-122
1099,-28.4766,-1264.3882,-110
1100,-29.8608,-1276.3771,-110
1101,-31.6187,-1324.5206,-98
1102,-33.0029,-1330.4962,-98
1103,-34.6069,-1357.8469,-86
1104,-35.9912,-1360.4900,-86
1105,-37.7051,-1395.8276,-74
1106,-39.1333,-1399.0671,-74
1107,-40.6934,-1415.1663,-62
1108,-42.2095,-1425.2610,-62
1109,-43.8354,-1445.3325,-50
1110,-45.5273,-1469.9886,-50
1111,-46.8896,-1459.2202,-38
1112,-48.2300,-1447.3314,-38
1113,-49.9878,-1478.3795,-26
1114,-51.3721,-1468.9692,-26
1115,-53.0200,-1486.8672,-14
1116,-54.4263,-1478.8054,-14
1117,-56.0742,-1495.7197,-2
1118,-57.4805,-1486.7727,-2
1119,-59.3262,-1522.6658,10
1120,-60.6226,-1500.0378,10
1121,-62.2705,-1514.8290,22
1122,-63.7207,-1508.3656,22
1123,-65.2808,-1513.5349,34
1124,-66.9287,-1526.9763,34
1125,-68.5327,-1534.6791,46
1126,-69.9170,-1519.6389,46
1127,-71.5210,-1528.0754,58
1128,-72.8394,-1507.1038,58
1129,-74.4873,-1521.1882,70
1130,-75.6519,-1485.5244,70
1131,-77.3877,-1510.5559,82
1132,-78.6621,-1486.9417,82
1133,-80.3101,-1503.0424,94
1134,-81.5625,-1477.9822,94
1135,-82.9688,-1470.8090,106
1136,-84.2871,-1455.5640,106
1137,-85.7373,-1455.0271,118
1138,-86.8579,-1421.5850,118
1139,-88.2642,-1420.0514,130
1140,-89.3628,-1387.9095,130
1141,-90.6592,-1378.7572,142
1142,-91.4282,-1317.7858,142
1143,-92.7026,-1313.4486,154
1144,-93.7134,-1283.1780,154
1145,-94.7461,-1258.1316,166
1146,-95.7129,-1228.9980,166
1147,-96.5479,-1189.5944,178
1148,-97.3169,-1147.5392,178
1149,-97.9761,-1098.7032,190
1150,-98.6353,-1054.7509,190
1151,-99.3604,-1021.7855,202
1152,-99.8438,-967.9468,202
1153,-100.3052,-917.2947,214
1154,-100.7446,-869.5105,214
1155,-101.0962,-817.7157,226
1156,-101.3818,-764.5085,226
1157,-101.6235,-712.2276,238
1158,-101.7993,-658.5829,238
1159,-101.9312,-605.9082,250
1160,-101.8872,-540.9229,250
1161,-101.8433,-482.4360,262
1162,-101.7773,-427.6006,262
1163,-101.6235,-369.4597,274
1164,-101.4697,-317.1328,274
1165,-101.0303,-241.4742,286
1166,-100.7666,-190.9596,286
1167,-100.2612,-121.3266,298
1168,-99.8218,-65.2486,298
1169,-99.2065,2.7997,310
1170,-98.6353,59.6487,310
1171,-97.9321,123.9963,298
1172,-97.2070,184.1064,298
1173,-96.3501,251.3891,286
1174,-95.6250,298.7600,286
1175,-94.5483,376.5500,274
1176,-93.6475,428.9829,274
1177,-92.5488,495.9479,262
1178,-91.6479,536.4410,262
1179,-90.3955,608.0410,250
1180,-89.2969,657.1002,250
1181,-87.9346,727.6206,238
1182,-87.0117,747.1437,238
1183,-85.5396,819.6461,226
1184,-84.3970,851.9393,226
1185,-82.8809,918.3566,214
1186,-81.6284,951.7651,214
1187,-80.0903,1010.3972,202
1188,-78.8379,1034.6016,202
1189,-77.2559,1089.3445,190
1190,-75.9375,1112.2460,190
1191,-74.2896,1165.8163,178
1192,-72.9272,1185.4651,178
1193,-71.3232,1227.3190,166
1194,-69.9829,1238.6202,166
1195,-68.0933,1303.7230,154
1196,-66.7969,1302.9894,154
1197,-65.0610,1346.2744,142
1198,-63.5449,1363.2583,142
1199,-61.8311,1398.3192,130
1200,-60.4468,1396.9150,130
1201,-58.7549,1426.4130,118
1202,-57.3706,1422.1993,118
1203,-55.6348,1453.5634,106
1204,-54.2505,1446.6348,106
1205,-52.4927,1477.7526,94
1206,-51.2183,1457.4187,94
1207,-49.5483,1478.6689,82
1208,-48.0103,1484.6106,82
1209,-46.5381,1483.3663,70
1210,-45.0439,1484.4437,70
1211,-43.3301,1507.3860,58
1212,-41.9238,1497.2723,58
1213,-40.4736,1492.5646,46
1214,-39.1113,1479.5386,46
1215,-37.4634,1496.3796,34
1216,-36.3208,1460.9995,34
1217,-34.5190,1495.0753,22
1218,-33.1348,1483.9955,22
1219,-31.5088,1498.1936,10
1220,-30.2563,1473.6184,10
1221,-28.7402,1477.8679,-2
1222,-27.4219,1461.9170,-2
1223,-25.6860,1489.3092,-14
1224,-24.4116,1467.8197,-14
1225,-22.9175,1470.4518,-26
1226,-21.6211,1453.0453,-26
1227,-20.1489,1454.9575,-38
1228,-19.0063,1423.7196,-38
1229,-17.4243,1439.5508,-50
1230,-16.2598,1412.0508,-50
1231,-14.7437,1422.4570,-62
1232,-13.6670,1387.8773,-62
1233,-12.1729,1398.5037,-74
1234,-11.0742,1368.5166,-74
1235,-9.7119,1367.8954,-86
1236,-8.6792,1334.3773,-86
1237,-7.3608,1332.7755,-98
1238,-6.5259,1282.9940,-98
1239,-5.1196,1295.3196,-110
1240,-4.1309,1264.6646,-110
1241,-3.0103,1250.2587,-122
1242,-2.0435,1221.9125,-122
1243,-1.0767,1196.4009,-134
1244,-0.3955,1144.8760,-134
1245,0.7251,1142.4489,-146
1246,1.3843,1094.1219,-146
1247,2.2192,1068.2058,-158
1248,2.9663,1036.0922,-158
1249,3.5596,991.8091,-170
1250,4.1089,947.5598,-170
1251,4.6362,905.5382,-182
1252,5.0537,856.7324,-182
1253,5.5371,819.3990,-194
1254,5.8228,766.0235,-194
1255,6.1523,722.3801,-206
1256,6.3281,667.7202,-206
1257,6.5918,627.3154,-218
1258,6.6138,566.7811,-218
1259,6.7236,521.0892,-230
1260,6.7456,471.1776,-230
1261,6.4819,397.6926,-242
1262,6.3940,349.1343,-242
1263,6.2622,301.0373,-254
1264,5.9106,235.7773,-254
1265,5.3394,155.0706,-266
1266,5.0757,113.1964,-266
1267,4.4385,38.1561,-278
1268,3.9111,-18.3939,-278
1269,3.1641,-91.2616,-266
1270,2.6147,-137.0670,-266
1271,1.6699,-217.8427,-254
1272,0.8569,-277.3573,-254
1273,-0.1538,-350.6957,-242
1274,-1.0327,-403.5168,-242
1275,-2.2192,-481.8174,-230
1276,-3.1641,-528.1181,-230
1277,-4.5264,-611.5367,-218
1278,-5.5371,-651.4573,-218
1279,-6.8994,-722.5420,-206
1280,-8.0420,-764.5456,-206
1281,-9.5581,-839.7023,-194
1282,-10.8325,-883.1735,-194
1283,-12.2827,-939.8756,-182
1284,-13.5132,-968.9349,-182
1285,-15.1611,-1036.8363,-170
1286,-16.4355,-1060.5940,-170
1287,-18.1934,-1130.3158,-158
1288,-19.3359,-1131.5420,-158
1289,-21.1597,-1200.7607,-146
1290,-22.7197,-1236.6906,-146
1291,-24.3018,-1271.2246,-134
1292,-25.8838,-1302.3053,-134
1293,-27.6196,-1345.6587,-122
1294,-28.9600,-1345.1260,-122
1295,-30.6958,-1384.1974,-110
1296,-32.2339,-1399.5862,-110
1297,-34.0356,-1439.8033,-98
1298,-35.5298,-1445.2371,-98
1299,-37.2656,-1474.2974,-86
1300,-38.7598,-1476.2816,-86
1301,-40.5615,-1508.8292,-74
1302,-42.0117,-1502.9658,-74
1303,-43.8354,-1535.0422,-62
1304,-45.2417,-1522.1630,-62
1305,-47.0435,-1550.1224,-50
1306,-48.3618,-1526.9460,-50
1307,-50.3613,-1574.2026,-38
1308,-51.8335,-1563.9991,-38
1309,-53.7451,-1598.7614,-26
1310,-55.2612,-1590.4965,-26
1311,-56.8872,-1594.0444,-14
1312,-58.4473,-1590.6458,-14
1313,-60.2051,-1607.3624,-2
1314,-61.8091,-1607.0265,-2
1315,-63.4351,-1608.9215,10
1316,-64.9951,-1604.0352,10
1317,-66.8188,-1626.0046,22
1318,-68.3130,-1612.8182,22
1319,-70.1587,-1636.1067,34
1320,-71.5649,-1613.1210,34
1321,-73.4546,-1640.7737,46
1322,-74.9268,-1623.9131,46
1323,-76.7285,-1641.6975,58
1324,-78.2446,-1629.1390,58
1325,-79.9146,-1633.2173,70
1326,-81.3647,-1614.9150,70
1327,-83.0786,-1624.8102,82
1328,-84.5068,-1605.1514,82
1329,-86.0669,-1600.6421,94
1330,-87.4731,-1581.2029,94
1331,-89.0771,-1583.4829,106
1332,-90.3296,-1550.3787,106
1333,-91.7798,-1540.3602,118
1334,-93.0762,-1515.9629,118
1335,-94.5923,-1515.9779,130
1336,-95.6470,-1469.8489,130
1337,-96.9214,-1450.3054,142
1338,-98.1738,-1430.5190,142
1339,-99.4263,-1412.7113,154
1340,-100.3271,-1361.5281,154
1341,-101.4917,-1341.8303,166
1342,-102.3267,-1291.1433,166
1343,-103.4253,-1271.8922,178
1344,-104.2163,-1223.8046,178
1345,-105.2271,-1202.4983,190
1346,-105.8862,-1148.1664,190
1347,-106.5674,-1101.4650,202
1348,-107.2046,-1055.0391,202
1349,-107.8418,-1013.2559,214
1350,-108.2153,-949.2838,214
1351,-108.7207,-904.8925,226
1352,-108.9404,-836.3759,226
1353,-109.2261,-781.3027,238
1354,-109.4897,-729.5396,238
1355,-109.5776,-665.3746,250
1356,-109.5557,-596.6399,250
1357,-109.4678,-528.1868,262
1358,-109.2480,-453.3955,262
1359,-109.0942,-392.6750,274
1360,-108.8745,-331.4349,274
1361,-108.4570,-256.5433,286
1362,-108.0615,-191.3382,286
1363,-107.4243,-108.4837,298
1364,-106.9629,-51.4927,298
1365,-106.2378,26.1663,310
1366,-105.5786,89.4676,310
1367,-104.7876,159.6224,306
1368,-103.9746,224.9590,306
1369,-102.9419,305.7346,294
1370,-102.1069,358.6572,294
1371,-100.8984,443.6411,282
1372,-99.9976,489.3649,282
1373,-98.8110,559.0807,270
1374,-97.7783,606.4441,270
1375,-96.5259,671.0438,258
1376,-95.4272,713.8027,258
1377,-93.9771,787.4420,246
1378,-92.8784,818.5610,246
1379,-91.4502,879.5272,234
1380,-90.1758,919.0158,234
1381,-88.6816,976.5283,222
1382,-87.3413,1012.9086,222
1383,-85.7153,1074.2153,210
1384,-84.4849,1089.8406,210
1385,-82.5952,1169.8213,198
1386,-81.2549,1186.8723,198
1387,-79.4531,1248.3608,186
1388,-78.0029,1268.5443,186
1389,-76.2012,1321.8656,174
1390,-74.8169,1328.1067,174
1391,-73.0591,1371.0773,162
1392,-71.4771,1392.1726,162
1393,-69.7192,1428.7366,150
1394,-68.2251,1435.2770,150
1395,-66.3794,1476.3196,138
1396,-64.8193,1484.6935,138
1397,-62.9736,1520.7944,126
1398,-61.5015,1515.9318,126
1399,-59.6118,1553.3033,114
1400,-58.1836,1540.7953,114
1401,-56.4478,1560.2997,102
1402,-55.0635,1542.6974,102
1403,-53.2617,1568.6034,90
1404,-51.7896,1558.9598,90
1405,-50.1196,1570.0560,78
1406,-48.6255,1562.4645,78
1407,-46.8896,1579.8020,66
1408,-45.5273,1558.0522,66
1409,-43.6597,1589.0145,54
1410,-42.1216,1583.9216,54
1411,-40.5176,1585.9298,42
1412,-39.1113,1567.9618,42
1413,-37.3755,1584.7495,30
1414,-35.9253,1571.2941,30
1415,-34.3213,1574.5651,18
1416,-32.7612,1573.1144,18
1417,-31.2451,1567.4142,6
1418,-29.7949,1555.6923,6
1419,-28.1689,1562.7207,-6
1420,-26.8506,1538.2845,-6
1421,-25.2026,1549.2510,-18
1422,-23.7524,1539.3453,-18
1423,-22.3682,1523.8385,-30
1424,-20.7861,1529.6577,-30
1425,-19.2920,1526.1060,-42
1426,-17.9956,1503.1340,-42
1427,-16.3916,1513.2209,-54
1428,-15.2490,1476.1566,-54
1429,-13.7109,1482.3495,-66
1430,-12.4365,1461.5559,-66
1431,-10.9644,1462.6171,-78
1432,-9.6240,1450.3885,-78
1433,-8.3936,1428.3965,-90
1434,-7.2949,1395.4200,-90
1435,-5.9546,1389.9113,-102
1436,-4.9219,1354.1915,-102
1437,-3.5815,1352.8055,-114
1438,-2.6587,1309.8101,-114
1439,-1.5601,1288.6923,-126
1440,-0.4395,1271.8835,-126
1441,0.4395,1232.5858,-138
1442,1.2964,1195.0205,-138
1443,2.3071,1176.5927,-150
1444,3.0981,1138.0349,-150
1445,3.8452,1098.9385,-162
1446,4.4604,1050.5681,-162
1447,5.2734,1026.8101,-174
1448,5.8228,979.0607,-174
1449,6.5698,955.8616,-186
1450,6.7896,882.2481,-186
1451,7.2729,842.3631,-198
1452,7.6685,797.6776,-198
1453,7.9980,750.8688,-210
1454,8.2617,702.1490,-210
1455,8.5034,656.1041,-222
1456,8.5693,597.0854,-222
1457,8.5254,532.9824,-234
1458,8.5913,486.2759,-234
1459,8.2397,402.4921,-246
1460,8.1958,357.8483,-246
1461,7.9102,293.4990,-258
1462,7.5806,231.1901,-258
1463,7.0972,159.7313,-270
1464,6.6138,95.4183,-270
1465,6.0645,30.9448,-280
1466,5.4492,-33.6731,-280
1467,4.7461,-100.6183,-268
1468,4.0649,-158.6717,-268
1469,3.1421,-235.0897,-256
1470,2.3291,-292.8795,-256
1471,1.3403,-362.4685,-244
1472,0.4175,-418.5068,-244
1473,-0.7910,-497.5057,-232
1474,-1.7798,-546.6321,-232
1475,-3.0981,-623.8048,-220
1476,-4.1089,-662.4985,-220
1477,-5.4712,-732.4791,-208
1478,-6.7896,-791.0671,-208
1479,-8.2617,-859.1772,-196
1480,-9.5142,-898.5036,-196
1481,-10.9863,-955.8700,-184
1482,-12.2827,-989.9216,-184
1483,-13.8647,-1049.1326,-172
1484,-15.2710,-1084.8442,-172
1485,-16.9409,-1143.3519,-160
1486,-18.4131,-1176.2335,-160
1487,-20.1489,-1232.1941,-148
1488,-21.5112,-1245.2051,-148
1489,-23.2690,-1296.4658,-136
1490,-24.8291,-1322.8251,-136
1491,-26.6309,-1370.7183,-124
1492,-28.0811,-1378.6659,-124
1493,-29.9268,-1425.3696,-112
1494,-31.2451,-1414.6686,-112
1495,-33.2886,-1477.5474,-100
1496,-34.8486,-1485.7985,-100
1497,-36.5845,-1510.8026,-88
1498,-38.0347,-1504.7418,-88
1499,-39.9243,-1543.2324,-76
1500,-41.3086,-1527.3369,-76
1501,-43.1543,-1559.1735,-64
1502,-44.6704,-1554.8674,-64
1503,-46.3623,-1568.5701,-52
1504,-47.9443,-1569.9161,-52
1505,-49.8120,-1599.6920,-40
1506,-51.3501,-1593.5314,-40
1507,-53.0200,-1601.1704,-28
1508,-54.6899,-1608.0455,-28
1509,-56.4038,-1618.6277,-16
1510,-58.1177,-1628.1516,-16
1511,-59.8755,-1641.1177,-4
1512,-61.4355,-1633.0117,-4
1513,-63.1274,-1638.8999,8
1514,-64.7754,-1639.8048,8
1515,-66.5771,-1656.0001,20
1516,-68.2910,-1661.7867,20
1517,-70.0049,-1666.9948,32
1518,-71.4331,-1643.1176,32
1519,-73.3447,-1669.9679,44
1520,-74.7949,-1647.9906,44
1521,-76.7065,-1674.3536,56
1522,-78.1567,-1651.9377,56
1523,-80.0244,-1673.5115,68
1524,-81.4966,-1653.3771,68
1525,-83.1665,-1655.0315,80
1526,-84.5947,-1632.3506,80
1527,-86.2646,-1636.1077,92
1528,-87.7148,-1617.5164,92
1529,-89.3408,-1618.3623,104
1530,-90.7910,-1601.5455,104
1531,-92.2632,-1588.6078,116
1532,-93.5596,-1559.3856,116
1533,-94.9438,-1541.8748,128
1534,-96.1304,-1506.3396,128
1535,-97.5146,-1494.1333,140
1536,-98.6133,-1454.5833,140
1537,-99.9316,-1440.9608,152
1538,-100.9424,-1397.9390,152
1539,-102.1509,-1378.9946,164
1540,-103.0518,-1331.1830,164
1541,-104.1064,-1303.5334,176
1542,-104.9194,-1254.4789,176
1543,-105.7983,-1216.9216,188
1544,-106.6113,-1176.5283,188
1545,-107.4243,-1140.1743,200
1546,-108.0835,-1092.0748,200
1547,-108.6328,-1037.7990,212
1548,-109.1602,-986.7534,212
1549,-109.6655,-938.6152,224
1550,-110.0171,-879.9099,224
1551,-110.3247,-822.6806,236
1552,-110.5005,-757.9907,236
1553,-110.6982,-701.9670,248
1554,-110.7422,-636.1648,248
1555,-110.7202,-570.3510,260
1556,-110.5884,-500.1323,260
1557,-110.4785,-439.1328,272
1558,-110.1709,-364.4577,272
1559,-109.9072,-301.6448,284
1560,-109.5557,-236.3240,284
1561,-109.0283,-159.9572,296
1562,-108.5889,-100.0162,296
1563,-107.8198,-13.1103,308
1564,-107.2266,47.5269,308
1565,-106.4136,124.0730,320
1566,-105.5347,199.5564,320
1567,-104.6338,269.6886,308
1568,-103.7329,332.8076,308
1569,-102.7222,400.6011,296
1570,-101.8433,448.4316,296
1571,-100.6128,526.6353,284
1572,-99.6460,570.6514,284
1573,-98.3716,641.0276,272
1574,-97.1411,699.9717,272
1575,-95.8667,757.4160,260
1576,-94.7021,798.1294,260
1577,-93.2739,861.1387,248
1578,-91.9775,904.6635,248
1579,-90.5493,957.0193,236
1580,-89.1870,997.5479,236
1581,-87.6270,1053.7988,224
1582,-86.3306,1078.0576,224
1583,-84.6387,1139.4413,212
1584,-83.0566,1183.7002,212
1585,-81.4307,1227.9279,200
1586,-80.1782,1230.3792,200
1587,-78.1567,1309.4896,188
1588,-76.7065,1323.5602,188
1589,-74.8608,1375.7744,176
1590,-73.3887,1385.4137,176
1591,-71.5869,1427.0481,164
1592,-70.0708,1435.9546,164
1593,-68.1592,1483.5212,152
1594,-66.7529,1475.7941,152
1595,-64.6216,1541.3494,140
1596,-63.1494,1534.4312,140
1597,-61.1719,1578.7419,128
1598,-59.6338,1574.6763,128
1599,-57.8101,1599.5817,116
1600,-56.2720,1593.4320,116
1601,-54.3823,1623.0536,104
1602,-52.7563,1623.3458,104
1603,-51.1523,1621.4116,92
1604,-49.5264,1621.8680,92
1605,-47.7466,1637.6597,80
1606,-46.2744,1621.1105,80
1607,-44.4287,1643.5697,68
1608,-42.9565,1626.4294,68
1609,-41.1768,1641.7650,56
1610,-39.7925,1616.0162,56
1611,-37.9468,1638.9849,44
1612,-36.5405,1615.7113,44
1613,-34.8047,1627.7241,32
1614,-33.2886,1616.5630,32
1615,-31.3110,1652.6605,20
1616,-29.9487,1623.6249,20
1617,-28.2568,1630.4518,8
1618,-26.9824,1594.8480,8
1619,-25.0488,1628.7225,-4
1620,-23.6865,1602.0807,-4
1621,-21.8628,1624.2456,-16
1622,-20.5225,1595.8542,-16
1623,-18.7646,1612.0500,-28
1624,-17.3804,1589.2727,-28
1625,-15.6226,1606.1266,-40
1626,-14.3481,1572.9553,-40
1627,-12.6782,1582.6520,-52
1628,-11.4258,1549.6309,-52
1629,-9.7998,1557.2654,-64
1630,-8.4814,1533.3748,-64
1631,-6.8774,1540.4376,-76
1632,-5.8228,1491.8625,-76
1633,-4.2627,1498.6821,-88
1634,-3.1641,1458.6771,-88
1635,-1.6699,1462.2234,-100
1636,-0.4175,1441.2451,-100
1637,0.7471,1413.5757,-112
1638,1.8457,1382.0814,-112
1639,3.0542,1364.7229,-124
1640,4.0210,1324.9303,-124
1641,5.2075,1311.0896,-136
1642,6.0425,1263.4767,-136
1643,7.1631,1249.1896,-148
1644,8.0420,1212.1613,-148
1645,8.8989,1176.6384,-160
1646,9.5801,1127.0898,-160
1647,10.4810,1104.4688,-172
1648,11.1182,1057.7426,-172
1649,11.7554,1015.6890,-184
1650,12.2607,964.6572,-184
1651,12.8101,923.1230,-196
1652,13.2715,876.9533,-196
1653,13.5571,817.8224,-208
1654,13.8428,764.6046,-208
1655,14.0625,710.1168,-220
1656,14.2163,654.4859,-220
1657,14.1724,584.6428,-232
1658,14.2383,532.7703,-232
1659,14.1284,468.5069,-244
1660,13.9087,399.6835,-244
1661,13.6230,331.1507,-256
1662,13.3594,271.6685,-256
1663,12.8320,191.7672,-268
1664,12.4585,135.2370,-268
1665,11.7554,51.4008,-280
1666,11.1621,-13.0655,-280
1667,10.3931,-88.6632,-268
1668,9.6460,-154.5039,-268
1669,8.7012,-233.5359,-256
1670,7.8223,-298.0729,-256
1671,6.6797,-382.5234,-244
1672,5.8447,-427.7672,-244
1673,4.5703,-512.4319,-232
1674,3.5596,-562.2629,-232
1675,2.3071,-631.2808,-220
1676,1.2744,-671.4241,-220
1677,-0.1758,-749.3012,-208
1678,-1.4063,-797.4180,-208
1679,-2.8564,-862.6957,-196
1680,-4.1089,-901.6702,-196
1681,-5.8447,-985.0872,-184
1682,-7.1191,-1014.0198,-184
1683,-8.8989,-1090.5963,-172
1684,-10.1074,-1102.3862,-172
1685,-11.8652,-1167.9288,-160
1686,-13.2275,-1187.3663,-160
1687,-15.0073,-1246.6082,-148
1688,-16.4795,-1269.1641,-148
1689,-18.2813,-1322.4235,-136
1690,-19.5117,-1313.2279,-136
1691,-21.5552,-1386.2507,-124
1692,-23.0054,-1392.6451,-124
1693,-24.8730,-1440.1482,-112
1694,-26.3232,-1441.1528,-112
1695,-28.1470,-1479.4105,-100
1696,-29.5532,-1472.0945,-100
1697,-31.5088,-1520.4417,-88
1698,-32.9370,-1511.2197,-88
1699,-34.7827,-1544.6681,-76
1700,-36.3208,-1544.0099,-76
1701,-38.2324,-1580.7710,-64
1702,-39.6387,-1563.3188,-64
1703,-41.4624,-1589.3600,-52
1704,-42.8906,-1573.2462,-52
1705,-44.6045,-1587.3082,-40
1706,-46.2524,-1593.3723,-40
1707,-48.0981,-1618.6053,-28
1708,-49.6143,-1608.3561,-28
1709,-51.3721,-1623.3016,-16
1710,-53.0200,-1625.7664,-16
1711,-54.7339,-1634.5764,-4
1712,-56.2939,-1627.1246,-4
1713,-58.1177,-1646.7852,8
1714,-59.3481,-1605.1534,8
1715,-61.4355,-1653.3783,20
1716,-62.9077,-1635.2572,20
1717,-64.6216,-1643.1182,32
1718,-66.2256,-1639.2067,32
1719,-68.1592,-1668.6454,44
1720,-69.6313,-1648.9976,44
1721,-71.5430,-1675.2599,56
1722,-73.0371,-1657.1479,56
1723,-74.5752,-1645.2417,68
1724,-76.1572,-1638.9207,68
1725,-77.9810,-1657.4016,80
1726,-79.2773,-1621.3000,80
1727,-81.0132,-1632.7540,92
1728,-82.3096,-1599.1173,92
1729,-83.8696,-1595.2114,104
1730,-85.2539,-1574.1179,104
1731,-86.8140,-1572.7119,116
1732,-88.0444,-1538.4875,116
1733,-89.6045,-1540.6447,128
1734,-90.7251,-1498.6407,128
1735,-92.0874,-1485.0071,140
1736,-93.1641,-1444.1724,140
1737,-94.5264,-1435.9856,152
1738,-95.5151,-1391.2639,152
1739,-96.7017,-1370.7898,164
1740,-97.6245,-1325.9960,164
1741,-98.6792,-1298.8651,176
1742,-99.4702,-1248.0801,176
1743,-100.2173,-1197.9791,188
1744,-101.1182,-1168.2690,188
1745,-101.8652,-1126.1492,200
1746,-102.5464,-1081.6494,200
1747,-103.1396,-1032.8105,212
1748,-103.6450,-980.0666,212
1749,-104.2822,-945.7806,224
1750,-104.5459,-877.5698,224
1751,-104.8975,-824.9690,236
1752,-105.2271,-775.4310,236
1753,-105.4248,-717.6633,248
1754,-105.5786,-661.2778,248
1755,-105.6006,-597.3472,260
1756,-105.4688,-524.4289,260
1757,-105.3809,-463.1969,272
1758,-105.1172,-390.5100,272
1759,-105.0073,-340.4727,284
1760,-104.6118,-266.8746,284
1761,-104.1943,-198.4391,296
1762,-103.6890,-128.0581,296
1763,-103.0737,-53.7288,308
1764,-102.4365,15.3647,308
1765,-101.8433,73.1544,320
1766,-101.0742,142.7433,320
1767,-100.2832,207.5705,308
1768,-99.5361,261.5205,308
1769,-98.6353,325.4563,296
1770,-97.7563,380.8013,296
1771,-96.6138,456.9790,284
1772,-95.7129,501.3690,284
1773,-94.5044,572.0817,272
1774,-93.4937,615.9477,272
1775,-92.2852,675.2025,260
1776,-91.2085,715.3483,260
1777,-89.8682,777.8466,248
1778,-88.7476,812.1225,248
1779,-87.3193,873.7325,236
1780,-86.1328,905.0115,236
1781,-84.6167,966.1217,224
1782,-83.3862,992.5564,224
1783,-81.7822,1053.7010,212
1784,-80.4419,1082.3641,212
1785,-78.6841,1149.9089,200
1786,-77.2778,1175.5430,200
1787,-75.6299,1222.7836,188
1788,-74.4873,1214.7629,188
1789,-72.4658,1295.4351,176
1790,-71.0815,1304.3192,176
1791,-69.1479,1367.2466,164
1792,-67.7637,1368.9496,164
1793,-65.9619,1412.2303,152
1794,-64.4897,1418.2241,152
1795,-62.7100,1454.3802,140
1796,-61.1938,1460.5535,140
1797,-59.3701,1496.8711,128
1798,-57.6563,1518.5707,128
1799,-56.1182,1520.5222,116
1800,-54.6680,1513.4895,116
1801,-52.6685,1562.0917,104
1802,-51.2183,1550.9020,104
1803,-49.3945,1578.1848,92
1804,-47.9883,1560.9913,92
1805,-46.2524,1578.4762,80
1806,-44.9561,1550.2672,80
1807,-43.1323,1577.6135,68
1808,-41.6602,1567.0690,68
1809,-39.9023,1586.1433,56
1810,-38.5181,1565.9567,56
1811,-36.5625,1604.9176,44
1812,-35.3101,1569.6699,44
1813,-33.6182,1581.8923,32
1814,-32.2339,1562.1307,32
1815,-30.4761,1581.6989,20
1816,-29.1577,1555.3649,20
1817,-27.4438,1571.2151,8
1818,-25.9277,1565.7048,8
1819,-24.3896,1562.9429,-4
1820,-23.1592,1529.6954,-4
1821,-21.3574,1556.9016,-16
1822,-20.0391,1533.0474,-16
1823,-18.3252,1551.1293,-28
1824,-17.0068,1527.8523,-28
1825,-15.3809,1537.6647,-40
1826,-14.1064,1511.3396,-40
1827,-12.4585,1525.0005,-52
1828,-11.2280,1495.5472,-52
1829,-9.6899,1499.8010,-64
1830,-8.4595,1472.8678,-64
1831,-6.9873,1472.7977,-76
1832,-5.6030,1463.9457,-76
1833,-4.3066,1447.1897,-88
1834,-3.2300,1410.1367,-88
1835,-1.8457,1407.5508,-100
1836,-0.7251,1378.8562,-100
1837,0.4834,1361.8202,-112
1838,1.4941,1326.7124,-112
1839,2.7246,1317.0880,-124
1840,3.5156,1264.4807,-124
1841,4.7021,1256.6849,-136
1842,5.3833,1199.1316,-136
1843,6.5698,1197.8707,-148
1844,7.3828,1159.3824,-148
1845,8.1958,1124.7430,-160
1846,8.8330,1075.9895,-160
1847,9.5581,1040.9003,-172
1848,10.2393,1004.9255,-172
1849,10.8545,965.9564,-184
1850,11.4258,926.4896,-184
1851,11.8652,877.7859,-196
1852,12.0850,811.9800,-196
1853,12.5903,781.3191,-208
1854,12.8540,729.5543,-208
1855,12.9858,669.7825,-220
1856,13.0078,605.0015,-220
1857,13.0957,553.2903,-232
1858,13.0078,489.1722,-232
1859,12.8101,420.4796,-244
1860,12.5244,349.8672,-244
1861,12.3267,295.1051,-256
1862,12.0850,241.4246,-256
1863,11.4038,149.1669,-268
1864,10.8984,83.7131,-268
1865,10.2832,13.8184,-280
1866,9.6460,-51.2842,-280
1867,8.7671,-134.0464,-268
1868,8.1079,-186.5597,-268
1869,7.0312,-275.5697,-256
1870,6.3062,-320.5225,-256
1871,5.0977,-409.3199,-244
1872,4.0869,-469.4621,-244
1873,2.8564,-545.5627,-232
1874,1.8018,-596.4752,-232
1875,0.4834,-668.6636,-220
1876,-0.6592,-716.0551,-220
1877,-2.0215,-780.6800,-208
1878,-3.2959,-830.0534,-208
1879,-4.8340,-900.8566,-196
1880,-6.1743,-944.8041,-196
1881,-7.6904,-1001.9351,-184
1882,-8.9868,-1031.3801,-184
1883,-10.7227,-1101.8260,-172
1884,-12.2388,-1143.2548,-172
1885,-13.9087,-1195.9214,-160
1886,-15.4468,-1230.1378,-160
1887,-17.1387,-1276.3135,-148
1888,-18.6328,-1298.0962,-148
1889,-20.4346,-1348.4623,-136
1890,-21.9287,-1363.0300,-136
1891,-23.7524,-1409.1001,-124
1892,-25.3125,-1424.1959,-124
1893,-27.0923,-1459.7548,-112
1894,-28.6084,-1465.3906,-112
1895,-30.4541,-1503.4219,-100
1896,-31.9922,-1506.8883,-100
1897,-33.7720,-1534.1780,-88
1898,-35.2881,-1532.3715,-88
1899,-37.2876,-1579.0854,-76
1900,-38.7378,-1566.1964,-76
1901,-40.6934,-1605.1334,-64
1902,-42.1875,-1594.0341,-64
1903,-44.0332,-1619.2009,-52
1904,-45.5713,-1611.0894,-52
1905,-47.3730,-1630.1561,-40
1906,-48.9331,-1623.1464,-40
1907,-50.8667,-1654.1910,-28
1908,-52.2949,-1631.5941,-28
1909,-54.2065,-1659.5968,-16
1910,-55.6787,-1640.8539,-16
1911,-57.5464,-1663.5360,-4
1912,-59.1504,-1657.5828,-4
1913,-60.9961,-1676.3948,8
1914,-62.4023,-1649.3802,8
1915,-64.2700,-1671.2097,20
1916,-65.8301,-1660.0946,20
1917,-67.6978,-1680.8527,32
1918,-69.3018,-1673.1677,32
1919,-71.1914,-1694.8158,44
1920,-72.6636,-1672.5510,44
1921,-74.5093,-1689.8662,56
1922,-76.0254,-1672.4908,56
1923,-77.7393,-1676.6284,68
1924,-79.2554,-1660.5769,68
1925,-80.9473,-1663.7086,80
1926,-82.5513,-1657.7382,80
1927,-84.2212,-1658.9565,92
1928,-85.7813,-1649.0667,92
1929,-87.2534,-1631.3767,104
1930,-88.6377,-1606.6667,104
1931,-90.1758,-1599.8086,116
1932,-91.4941,-1571.6636,116
1933,-93.0103,-1566.1085,128
1934,-94.1968,-1528.1500,128
1935,-95.6250,-1518.1572,140
1936,-96.7456,-1478.4020,140
1937,-97.9980,-1455.8059,152
1938,-99.0527,-1415.6941,152
1939,-100.2173,-1390.5797,164
1940,-101.1401,-1343.8069,164
1941,-102.2827,-1323.6840,176
1942,-103.0737,-1270.4171,176
1943,-103.8647,-1222.4769,188
1944,-104.8975,-1203.5007,188
1945,-105.5786,-1151.2659,200
1946,-106.2817,-1106.4518,200
1947,-106.8970,-1057.3301,212
1948,-107.4243,-1004.3314,212
1949,-107.8638,-947.8436,224
1950,-108.3691,-903.5963,224
1951,-108.5449,-830.8148,236
1952,-108.8306,-776.2977,236
1953,-109.0283,-718.4433,248
1954,-109.1162,-655.3880,248
1955,-109.0942,-587.6519,260
1956,-109.0503,-524.4922,260
1957,-108.8086,-447.8730,272
1958,-108.5889,-381.1131,272
1959,-108.2813,-312.2400,284
1960,-107.8198,-234.8734,284
1961,-107.3145,-160.8490,296
1962,-106.8530,-98.6215,296
1963,-106.2158,-25.0387,308
1964,-105.6445,34.5941,308
1965,-104.7217,123.4199,320
1966,-103.9746,185.7849,320
1967,-103.0518,259.4915,308
1968,-102.2168,317.0385,308
1969,-101.0303,403.9870,296
1970,-100.2173,444.8871,296
1971,-99.0527,516.8535,284
1972,-98.0420,566.2423,284
1973,-96.7896,634.8622,272
1974,-95.7129,679.0420,272
1975,-94.3066,751.7628,260
1976,-93.2739,779.8580,260
1977,-91.8237,846.8917,248
1978,-90.5493,889.6439,248
1979,-88.8794,967.6716,236
1980,-87.8247,976.3732,236
1981,-86.1987,1041.3335,224
1982,-84.8584,1071.2333,224
1983,-83.1885,1131.1021,212
1984,-81.7603,1160.8141,212
1985,-80.0024,1220.5139,200
1986,-78.5522,1243.4821,200
1987,-76.7725,1297.1123,188
1988,-75.1904,1325.6041,188
1989,-73.5425,1357.8386,176
1990,-72.0044,1375.8633,176
1991,-70.0928,1429.4391,164
1992,-68.6426,1431.5146,164
1993,-66.7749,1475.1307,152
1994,-65.2148,1483.6235,152
1995,-63.3691,1519.8314,140
1996,-61.7871,1526.0514,140
1997,-59.9854,1553.6219,128
1998,-58.4033,1556.4629,128
1999,-56.5796,1583.1896,116
